---insert song title---

INSERT INTO Song (Title) VALUES 
    ('Go With the Flow'),
    ('Sacrifice'),
    ('Stupid Love'),
    ('Reptilia'),
    ('Paranoid'),
    ('Dirty Love'),  
    ('9/10'),
    ('Eyes Wide Terrified'),
    ('Saddest Song'),
    ('Apartment'),
    ('Never Meant'),
    ('Fever and Chills'), 
    ('The Bends'),
    ('Char'),
    ('Clarity'),
    ('Trap Queen'),
    ('Closet'),
    ('Jamming'), 
    ('The Gambler'),
    ('Sweet Emotion'),
    ('Looking for the Perfect Beat'),
    ('City of New Orleans'),
    ('Highwayman'),
    ('Rainbow in the Dark'), 
    ('Dangerous'),
    ('I Write Sins Not Tragedies'),
    ('Pastempomat'),
    ('Immortalized'),
    ('Canto Della Terra'),
    ('Of The Night');

--insert artist name--
INSERT INTO Artist (Artist_Name) VALUES 
    ('Queens of the Stone age'),     -- (1) Go With the Flow
    ('The Weeknd'),                  -- (2) Sacrifice
    ('Lady Gaga'),                   -- (3) Stupid Love
    ('The Strokes'),                 -- (4) Reptilia
    ('Black Sabbath'),               -- (5) Paranoid
    ('Motörhead'),                   -- (6) Dirty Love
    ('Jeff Rosenstock'),             -- (7) 9/10
    ('Johnny Foreigner'),            -- (8) Eyes Wide Terrified
    ('Streetlight Manifesto'),       -- (9) Saddest Song
    ('Modern Baseball'),            -- (10) Apartment
    ('American Football'),          -- (11) Never Meant
    ('Fatter Than Albert'),         -- (12) Fever and Chills
    ('Radiohead'),                  -- (13) The Bends
    ('Crystal Castles'),            -- (14) Char
    ('Zedd'),                       -- (15) Clarity
    ('Foxes'),                      -- (15) Clarity
    ('Fetty Wap'),                  -- (16) Trap Queen
    ('Fleshwater'),                 -- (17) Closet
    ('Bob Marley & The Wailers'),   -- (18) Jamming
    ('Kenny Rogers'),               -- (19) The Gambler
    ('Aerosmith'),                  -- (20) Sweet Emotion
    ('Afrika Bambaataa'),           -- (21) Looking for the Perfect Beat
    ('The Soulsonic Force'),        -- (21) Looking for the Perfect Beat
    ('Willie Nelson'),              -- (22) City of New Orleans
    ('Johnny Cash'),                -- (23) Highwayman
    ('Dio'),                        -- (24) Rainbow in the Dark
    ('David Guetta'),               -- (25) Dangerous
    ('Panic At The Disco!'),        -- (26) I Write Sins Not Tragedies
    ('Dawid Podsiadło'),            -- (27) Pastempomat
    ('Disturbed'),                  -- (28) Immortalized
    ('Andrea Bocelli'),             -- (29) Canto Della Terra
    ('Bastile');                    -- (30) Of The Night

--insert producer name--
INSERT INTO Producer (Prod_Name) VALUES
    ('Josh Homme'),                  -- (1) Go With the Flow
    ('Eric Valentine'),              -- (1) Go With the Flow
    ('Swedish House Mafia'),         -- (2) Sacrifice
    ('Max Martin'),                  -- (2) Sacrifice
    ('Oscar Holter'),                -- (2) Sacrifice
    ('The Weeknd'),                  -- (2) Sacrifice
    ('Carl Nordström'),              -- (2) Sacrifice
    ('BloodPop'),                    -- (3) Stupid Love
    ('Tchami'),                      -- (3) Stupid Love
    ('Max Martin'),                 -- (3) Stupid Love
    ('Gordan Raphael'),             -- (4) Reptilia
    ('Rodger Bain'),                -- (5) Paranoid
    ('Vic Maile'),                  -- (6) Dirty Love
    ('Jack Shirley'),               -- (7) 9/10 
    ('Gene "Machine" Freeman'),     -- (8) Eyes Wide Terrified
    ('Tomas Kalnoky'),              -- (9) Saddest Song
    ('Modern Baseball'),            -- (10) Apartment 
    ('Brendan Gamble'),             -- (11) Never Meant
    ('Nick Lauve'),                 -- (12) Fever and Chills
    ('Matt Aguiluz'),               -- (12) Fever and Chills
    ('John Leckie'),                -- (13) The Bends
    ('Ethan Kath'),                 -- (14) Char
    ('Zedd'),                       -- (15) Clarity
    ('Tony Fadd'),                  -- (16) Trap Queen
    ('Kurt Ballou'),                -- (17) Closet
    ('Stephen Marley'),             -- (18) Jamming
    ('Larry Butler'),               -- (19) The Gambler
    ('Jack Douglas'),               -- (20) Sweet Emotion
    ('Arthur Baker'),               -- (21) Looking for the Perfect Beat
    ('John Robie'),                 -- (21) Looking for the Perfect Beat
    ('Chips Moman'),                -- (22) City of New Orleans
    ('Chips Moman'),                -- (23) Highwayman
    ('Ronnie James Dio'),           -- (24) Rainbow in the Dark
    ('Giorgio Tuinfort'),           -- (25) Dangerous
    ('Sam Martin'),                 -- (25) Dangerous
    ('Jason Evigan'),               -- (25) Dangerous
    ('Matt Squire'),                -- (26) I Write Sins Not Tragedies
    ('Bogdan Kondracki'),           -- (27) Pastempomat
    ('Daniel Walczak'),             -- (27) Pastempomat
    ('Kevin Churko'),               -- (28) Immortalized
    ('Mauro Malavasi'),             -- (29) Canto Della Terra
    ('Dan Smith');                  -- (30) Of The Night
    
--insert writer name--
INSERT INTO Writer (Writer_Name) VALUES 
    ('Josh Homme'),                  -- (1) Go With the Flow
    ('Nick Oliver'),                 -- (1) Go With the Flow
    ('Max Martin'),                  -- (2) Sacrifice
    ('Abel Tesfaye'),                -- (2) Sacrifice
    ('Alex Hedfors'),                -- (2) Sacrifice
    ('Carl Nordstrom'),              -- (2) Sacrifice
    ('Kevin Duane Mccord'),          -- (2) Sacrifice
    ('Oscar Holter'),                -- (2) Sacrifice
    ('Sebastian Ingrosso'),          -- (2) Sacrifice
    ('Steve Angello'),              -- (2) Sacrifice
    ('BloodPop'),                   -- (3) Stupid Love
    ('Max Martin'),                 -- (3) Stupid Love
    ('Ely Rise'),                   -- (3) Stupid Love
    ('Lady Gaga'),                  -- (3) Stupid Love
    ('Martin Bresso'),              -- (3) Stupid Love
    ('Julian Casablancas'),         -- (4) Reptilia
    ('Ozzy Osbourne'),              -- (5) Paranoid
    ('Tony Lommi'),                 -- (5) Paranoid
    ('Geezer Butler'),              -- (5) Paranoid
    ('Bill Ward'),                  -- (5) Paranoid
    ('Eddie Clarke'),               -- (6) Dirty Love
    ('Lemmy Kilmister'),            -- (6) Dirty Love
    ('Phil Taylor'),                -- (6) Dirty Love
    ('Jeff Rosenstock'),            -- (7) 9/10
    ('Alexi Berrow'),               -- (8) Eyes Wide Terrified
    ('Tomas Kalnoky'),              -- (9) Saddest Song
    ('Brendan Taylor Francis'),     -- (10) Apartment
    ('Jacob Starnes Ewald'),        -- (10) Apartment
    ('Ian Daniel Farmer'),          -- (10) Apartment
    ('Sean Edward Huber'),          -- (10) Apartment
    ('Micheal Tomas Kinsella'),     -- (11) Never Meant
    ('Steven Joseph Lamos'),        -- (11) Never Meant
    ('Stephen Michael Holmes'),     -- (11) Never Meant
    ('Fatter Than Albert'),         -- (12) Fever and Chills
    ('Thom Yorke'),                 -- (13) The Bends
    ('Jonny Greenwood'),            -- (13) The Bends
    ('Ed OBrien'),                  -- (13) The Bends
    ('Colin Greenwood'),            -- (13) The Bends
    ('Philip Selway'),              -- (13) The Bends
    ('Ethan Kath'),                 -- (14) Char
    ('Anton Zaslavski'),            -- (15) Clarity
    ('Holly Hafermann'),            -- (15) Clarity
    ('Matthew Koma'),               -- (15) Clarity
    ('Porter Robinson'),            -- (15) Clarity
    ('Willie Maxwell'),             -- (16) Trap Queen
    ('Anthony Didio'),              -- (17) Closet
    ('Jeremy Martin'),              -- (17) Closet
    ('Mirsy'),                      -- (17) Closet
    ('Matt Wood'),                  -- (17) Closet
    ('Bob Marley'),                 -- (18) Jamming
    ('Don Alan Schlitz Jr'),        -- (19) The Gambler
    ('Rod Temperton'),              -- (20) Sweet Emotion
    ('Steven Tyler'),               -- (20) Sweet Emotion
    ('Tom Hamilton'),               -- (20) Sweet Emotion
    ('A Baker'),                    -- (21) Looking for the Perfect Beat
    ('Afrika Bambaataa'),           -- (21) Looking for the Perfect Beat
    ('Arthur Baker'),               -- (21) Looking for the Perfect Beat
    ('E Williams'),                 -- (21) Looking for the Perfect Beat
    ('J Miller'),                   -- (21) Looking for the Perfect Beat
    ('J Robie'),                    -- (21) Looking for the Perfect Beat
    ('R Allen'),                    -- (21) Looking for the Perfect Beat
    ('The Soulsonic Force'),        -- (21) Looking for the Perfect Beat
    ('S Goodman'),                  -- (22) City of New Orleans
    ('Jimmy Webb'),                 -- (23) Highwayman
    ('Jimmy Bain'),                 -- (24) Rainbow in the Dark
    ('Ronnie James Dio'),           -- (24) Rainbow in the Dark
    ('Vincent Appice'),             -- (24) Rainbow in the Dark
    ('Vinny Appice'),               -- (24) Rainbow in the Dark
    ('Vivian Campbell'),            -- (24) Rainbow in the Dark
    ('Giorgio Tuinfort'),           -- (25) Dangerous
    ('Sam Martin'),                 -- (25) Dangerous
    ('Jason Evigan'),               -- (25) Dangerous
    ('Lindy Robbins'),              -- (25) Dangerous
    ('Brendon Urie'),               -- (26) I Write Sins Not Tragedies
    ('Ryan Ross'),                  -- (26) I Write Sins Not Tragedies
    ('Spencer Smith'),              -- (26) I Write Sins Not Tragedies
    ('Dawid Podsiadlo'),            -- (27) Pastempomat
    ('Bogdan Kondracki'),           -- (27) Pastempomat
    ('Kevin Churko'),               -- (28) Immortalized
    ('Dan Donegan'),                -- (28) Immortalized
    ('Mike Wengren'),               -- (28) Immortalized
    ('David Draiman'),              -- (28) Immortalized
    ('Francesco Sartori'),          -- (29) Canto Della Terra
    ('Lucio Quarantotto'),          -- (29) Canto Della Terra
    ('Benito Benitez'),             -- (30) Of The Night
    ('John Garrett III'),           -- (30) Of The Night
    ('Thea Austin');                -- (30) Of The Night

--###########################################################################
-- linking tables
--###########################################################################

-- Linking Song with Artist
INSERT INTO SongArtist (ArtistID, SongID) VALUES 
    (1, 1),     -- [Queens of the Stone Age] linked to [Go with the Flow]
    (2, 2),     -- [The Weeknd] linked to [Sacrifice]
    (3, 3),     -- [Lady Gaga] linked to [Stupid Love]
    (4, 4),     -- [The Strokes] linked to [Reptilia]
    (5, 5),     -- [Black Sabbath] linked to [Paranoid]
    (6, 6),     -- [Motörhead] linked to [Dirty Love]
    (7, 7),     -- [Jeff Rosenstock] linked to [9/10]
    (8, 8),     -- [Johnny Foreigner] linked to [Eyes Wide Terrified]
    (9, 9),     -- [Streetlight Manifesto] linked to [Saddest Song]
    (10, 10),   -- [Modern Baseball] linked to [Apartment]
    (11, 11),   -- [American Football] linked to [Never Meant]
    (12, 12),   -- [Fatter Than Albert] linked to [Fever and Chills]
    (13, 13),   -- [Radiohead] linked to [The Bends]
    (14, 14),   -- [Crystal Castles] linked to [Char]
    (15, 15),   -- [Zedd] linked to [Clarity]
    (16, 15),   -- [Foxes] linked to [Clarity]
    (17, 16),   -- [Fetty Wap] linked to [Trap Queen]
    (18, 17),   -- [Fleshwater] linked to [Closet]
    (19, 18),   -- [Bob Marley & The Wailers] linked to [Jamming]
    (20, 19),   -- [Kenny Rogers] linked to [The Gambler]
    (21, 20),   -- [Aerosmith] linked to [Sweet Emotion]
    (22, 21),   -- [Afrika Bambaataa] linked to [Looking for the Perfect Beat]
    (23, 21),   -- [The Soulsonic Force] linked to [Looking for the Perfect Beat]
    (24, 22),   -- [Willie Nelson] linked to [City of New Orleans]
    (25, 23),   -- [Johnny Cash] linked to [Highwayman]
    (26, 24),   -- [Dio] linked to [Rainbow in the Dark]
    (27, 25),   -- [David Guetta] linked to [Dangerous]
    (28, 26),   -- [Panic At The Disco!] linked to [I Write Sins Not Tragedies]
    (29, 27),   -- [Dawid Podsiadło] linked to [Pastempomat]
    (30, 28),   -- [Disturbed] linked to [Immortalized]
    (31, 29),   -- [Andrea Bocelli] linked to [Canto Della Terra]
    (32, 30);   -- [Bastile] linked to [Of The Night]


-- Linking Song with Producer
INSERT INTO SongProducer (ProducerID, SongID) VALUES 
    (1, 1),     -- [Josh Homme] linked to [Go with the Flow]
    (2, 1),     -- [Eric Valentine] linked to [Go with the Flow]
    (3, 2),     -- [Swedish House Mafia] linked to [Sacrifice]
    (4, 2),     -- [Max Martin] linked to [Sacrifice]
    (5, 2),     -- [Oscar Holter] linked to [Sacrifice]
    (6, 2),     -- [The Weeknd] linked to [Sacrifice]
    (7, 2),     -- [Carl Nordström] linked to [Sacrifice]
    (8, 3),     -- [BloodPop] linked to [Stupid Love]
    (9, 3),     -- [Tchami] linked to [Stupid Love]
    (10, 3),    -- [Max Martin] linked to [Stupid Love]
    (11, 4),    -- [Gordan Raphael] linked to [Reptilia]
    (12, 5),    -- [Rodger Bain] linked to [Paranoid]
    (13, 6),    -- [Vic Maile] linked to [Dirty Love]
    (14, 7),    -- [Jack Shirley] linked to [9/10]
    (15, 8),    -- [Gene "Machine" Freeman] linked to [Eyes Wide Terrified]
    (16, 9),    -- [Tomas Kalnoky] linked to [Saddest Song]
    (17, 10),   -- [Modern Baseball] linked to [Apartment]
    (18, 11),   -- [Brendan Gamble] linked to [Never Meant]
    (19, 12),   -- [Nick Lauve] linked to [Fever and Chills]
    (20, 12),   -- [Matt Aguiluz] linked to [Fever and Chills]
    (21, 13),   -- [John Leckie] linked to [The Bends]
    (22, 14),   -- [Ethan Kath] linked to [Char]
    (23, 15),   -- [Zedd] linked to [Clarity]
    (24, 15),   -- [Zedd] linked to [Clarity]
    (25, 16),   -- [Tony Fadd] linked to [Trap Queen]
    (26, 18),   -- [Kurt Ballou] linked to [Closet]
    (27, 19),   -- [Stephen Marley] linked to [Jamming]
    (28, 20),   -- [Larry Butler] linked to [The Gambler]
    (29, 21),   -- [Jack Douglas] linked to [Sweet Emotion]
    (30, 21),   -- [Arthur Baker] linked to [Looking for the Perfect Beat]
    (31, 21),   -- [John Robie] linked to [Looking for the Perfect Beat]
    (32, 22),   -- [Chips Moman] linked to [City of New Orleans]
    (33, 23),   -- [Chips Moman] linked to [Highwayman]
    (34, 24),   -- [Ronnie James Dio] linked to [Rainbow in the Dark]
    (35, 25),   -- [Giorgio Tuinfort] linked to [Dangerous]
    (36, 25),   -- [Sam Martin] linked to [Dangerous]
    (37, 25),   -- [Jason Evigan] linked to [Dangerous]
    (38, 26),   -- [Matt Squire] linked to [I Write Sins Not Tragedies]
    (39, 27),   -- [Bogdan Kondracki] linked to [Pastempomat]
    (40, 28),   -- [Kevin Churko] linked to [Immortalized]
    (41, 29),   -- [Mauro Malavasi] linked to [Canto Della Terra]
    (42, 30);   -- [Dan Smith] linked to [Of The Night]


-- Linking Song with Writer
INSERT INTO SongWriter (WriterID, SongID) VALUES 
    (1, 1),     -- [Josh Homme] linked to [Go with the Flow]
    (2, 1),     -- [Nick Oliver] linked to [Go with the Flow]
    (3, 2),     -- [Max Martin] linked to [Sacrifice]
    (4, 2),     -- [Abel Tesfaye] linked to [Sacrifice]
    (5, 2),     -- [Alex Hedfors] linked to [Sacrifice]
    (6, 2),     -- [Carl Nordstrom] linked to [Sacrifice]
    (7, 2),     -- [Kevin Duane Mccord] linked to [Sacrifice]
    (8, 2),     -- [Oscar Holter] linked to [Sacrifice]
    (9, 2),     -- [Sebastian Ingrosso] linked to [Sacrifice]
    (10, 2),    -- [Steve Angello] linked to [Sacrifice]
    (11, 3),    -- [BloodPop] linked to [Stupid Love]
    (12, 3),    -- [Max Martin] linked to [Stupid Love]
    (13, 3),    -- [Ely Rise] linked to [Stupid Love]
    (14, 3),    -- [Lady Gaga] linked to [Stupid Love]
    (15, 3),    -- [Martin Bresso] linked to [Stupid Love]
    (16, 4),    -- [Julian Casablancas] linked to [Reptilia]
    (17, 5),    -- [Ozzy Osbourne] linked to [Paranoid]
    (18, 5),    -- [Tony Lommi] linked to [Paranoid]
    (19, 5),    -- [Geezer Butler] linked to [Paranoid]
    (20, 5),    -- [Bill Ward] linked to [Paranoid]
    (21, 6),    -- [Eddie Clarke] linked to [Dirty Love]
    (22, 6),    -- [Lemmy Kilmister] linked to [Dirty Love]
    (23, 6),    -- [Phil Taylor] linked to [Dirty Love]
    (24, 7),    -- [Jeff Rosenstock] linked to [9/10]
    (25, 8),    -- [Alexi Berrow] linked to [Eyes Wide Terrified]
    (26, 9),    -- [Tomas Kalnoky] linked to [Saddest Song]
    (27, 10),   -- [Brendan Taylor Francis] linked to [Apartment]
    (28, 10),   -- [Jacob Starnes Ewald] linked to [Apartment]
    (29, 10),   -- [Ian Daniel Farmer] linked to [Apartment]
    (30, 10),   -- [Sean Edward Huber] linked to [Apartment]
    (31, 11),   -- [Micheal Tomas Kinsella] linked to [Never Meant]
    (32, 11),   -- [Steven Joseph Lamos] linked to [Never Meant]
    (33, 11),   -- [Stephen Michael Holmes] linked to [Never Meant]
    (34, 12),   -- [Fatter Than Albert] linked to [Fever and Chills]
    (35, 13),   -- [Thom Yorke] linked to [The Bends]
    (36, 13),   -- [Jonny Greenwood] linked to [The Bends]
    (37, 13),   -- [Ed OBrien] linked to [The Bends]
    (38, 13),   -- [Colin Greenwood] linked to [The Bends]
    (39, 13),   -- [Philip Selway] linked to [The Bends]
    (40, 14),   -- [Ethan Kath] linked to [Char]
    (41, 15),   -- [Anton Zaslavski] linked to [Clarity]
    (42, 15),   -- [Holly Hafermann] linked to [Clarity]
    (43, 15),   -- [Matthew Koma] linked to [Clarity]
    (44, 15),   -- [Porter Robinson] linked to [Clarity]
    (45, 16),   -- [Willie Maxwell] linked to [Trap Queen]
    (46, 17),   -- [Anthony Didio] linked to [Closet]
    (47, 17),   -- [Jeremy Martin] linked to [Closet]
    (48, 17),   -- [Mirsy] linked to [Closet]
    (49, 17),   -- [Matt Wood] linked to [Closet]
    (50, 18),   -- [Bob Marley] linked to [Jamming]
    (51, 19),   -- [Don Alan Schlitz Jr] linked to [The Gambler]
    (52, 20),   -- [Rod Temperton] linked to [Sweet Emotion]
    (53, 20),   -- [Steven Tyler] linked to [Sweet Emotion]
    (54, 20),   -- [Tom Hamilton] linked to [Sweet Emotion]
    (55, 21),   -- [A Baker] linked to [Looking for the Perfect Beat]
    (56, 21),   -- [Afrika Bambaataa] linked to [Looking for the Perfect Beat]
    (57, 21),   -- [Arthur Baker] linked to [Looking for the Perfect Beat]
    (58, 21),   -- [E Williams] linked to [Looking for the Perfect Beat]
    (59, 21),   -- [J Miller] linked to [Looking for the Perfect Beat]
    (60, 21),   -- [J Robie] linked to [Looking for the Perfect Beat]
    (61, 21),   -- [R Allen] linked to [Looking for the Perfect Beat]
    (62, 21),   -- [The Soulsonic Force] linked to [Looking for the Perfect Beat]
    (63, 22),   -- [S Goodman] linked to [City of New Orleans]
    (64, 23),   -- [Jimmy Webb] linked to [Highwayman]
    (65, 24),   -- [Jimmy Bain] linked to [Rainbow in the Dark]
    (66, 24),   -- [Ronnie James Dio] linked to [Rainbow in the Dark]
    (67, 24),   -- [Vincent Appice] linked to [Rainbow in the Dark]
    (68, 24),   -- [Vinny Appice] linked to [Rainbow in the Dark]
    (69, 24),   -- [Vivian Campbell] linked to [Rainbow in the Dark]
    (70, 25),   -- [Giorgio Tuinfort] linked to [Dangerous]
    (71, 25),   -- [Sam Martin] linked to [Dangerous]
    (72, 25),   -- [Jason Evigan] linked to [Dangerous]
    (73, 25),   -- [Lindy Robbins] linked to [Dangerous]
    (74, 26),   -- [Brendon Urie] linked to [I Write Sins Not Tragedies]
    (75, 26),   -- [Ryan Ross] linked to [I Write Sins Not Tragedies]
    (76, 26),   -- [Spencer Smith] linked to [I Write Sins Not Tragedies]
    (77, 27),   -- [Dawid Podsiadlo] linked to [Pastempomat]
    (78, 27),   -- [Bogdan Kondracki] linked to [Pastempomat]
    (79, 28),   -- [Kevin Churko] linked to [Immortalized]
    (80, 28),   -- [Dan Donegan] linked to [Immortalized]
    (81, 28),   -- [Mike Wengren] linked to [Immortalized]
    (82, 28),   -- [David Draiman] linked to [Immortalized]
    (83, 29),   -- [Francesco Sartori] linked to [Canto Della Terra]
    (84, 29),   -- [Lucio Quarantotto] linked to [Canto Della Terra]
    (85, 30),   -- [Benito Benitez] linked to [Of The Night]
    (86, 30),   -- [John Garrett III] linked to [Of The Night]
    (87, 30);   -- [Thea Austin] linked to [Of The Night]


--"10 users, and 5 of them signed up to sing in each of the two queues" in the SQL script that inserts data--

INSERT INTO KaraokeFile (ID, FileName) VALUES
    (1, 'GoWithTheFlow.mp4'),
    (2, 'Sacrifice.mp4'),
    (3, 'StupidLove.mp4'),
    (4, 'Reptilia.mp4'),
    (5, 'Paranoid.mp4'),
    (6, 'DirtyLove.mp4'),  
    (7, '9/10.mp4'),
    (8, 'EyesWideTerrified.mp4'),
    (9, 'SaddestSong.mp4'),
    (10, 'Apartment.mp4'),
    (11, 'NeverMeant.mp4'),
    (12, 'FeverandChills.mp4'), 
    (13, 'TheBends.mp4'),
    (14, 'Char.mp4'),
    (15, 'Clarity.mp4'),
    (16, 'TrapQueen.mp4'),
    (17, 'Closet.mp4'),
    (18, 'Jamming.mp4'), 
    (19, 'TheGambler.mp4'),
    (20, 'SweetEmotion.mp4'),
    (21, 'LookingforthePerfectBeat.mp4'),
    (22, 'CityofNewOrleans.mp4'),
    (23, 'Highwayman.mp4'),
    (24, 'RainbowintheDark.mp4'), 
    (25, 'Dangerous.mp4'),
    (26, 'IWriteSinsNotTragedies.mp4'),
    (27, 'Pastempomat.mp4'),
    (28, 'Immortalized.mp4'),
    (29, 'CantoDellaTerra.mp4'),
    (30, 'OfTheNight.mp4');


INSERT INTO PQUser (PQ_FName, PQ_LName, Pledge) VALUES
    ('Chris', 'Benson', 50),
    ('Tommy', 'Otto', 420),
    ('Kipling', 'Piers', 69),
    ('Antoni', 'Mira', 1),
    ('Danka', 'Ignacja', 4);

INSERT INTO FIUser (FI_FName, FI_LName) VALUES
    ('Rocky', 'Lombardi'),
    ('Karina', 'Eleonora'),
    ('Nikola', 'Lidka'),
    ('Teodor', 'Kamilla'),
    ('Aniela', 'Lubomierz');

INSERT INTO FIFOQueue (FIID, FileID, Time) VALUES
    (1, 3, '10:00:00'),
    (2, 5, '07:03:13'),
    (3, 7, '08:12:14'),
    (4, 9, '09:23:19'),
    (5, 13, '11:47:19');

INSERT INTO PriorityQueue (PQID, FileID, Time) VALUES
    (1, 9, '14:00:00'),
    (2, 2, '05:00:00'),
    (3, 4, '03:31:41'),
    (4, 23, '06:29:21'),
    (5, 24, '07:30:22');
